Date, PDO from ERSST V5 https://psl.noaa.gov/pdo/ Using EOF from 1920 to 2014 for N Pacific (see webpage)
1854-01-01,    0.050
1854-02-01,   -0.090
1854-03-01,    0.138
1854-04-01,    0.131
1854-05-01,   -0.064
1854-06-01,    0.005
1854-07-01,   -0.201
1854-08-01,   -0.849
1854-09-01,   -0.727
1854-10-01,   -1.597
1854-11-01,   -1.301
1854-12-01,   -1.582
1855-01-01,    0.009
1855-02-01,    0.110
1855-03-01,    0.234
1855-04-01,   -0.312
1855-05-01,   -0.999
1855-06-01,   -1.227
1855-07-01,   -0.571
1855-08-01,    0.049
1855-09-01,   -0.247
1855-10-01,   -0.243
1855-11-01,   -0.045
1855-12-01,   -0.498
1856-01-01,   -0.124
1856-02-01,    0.375
1856-03-01,    0.291
1856-04-01,   -0.646
1856-05-01,   -0.810
1856-06-01,   -1.513
1856-07-01,   -0.347
1856-08-01,    0.750
1856-09-01,    0.921
1856-10-01,    0.733
1856-11-01,    0.307
1856-12-01,   -0.071
1857-01-01,   -0.665
1857-02-01,   -1.400
1857-03-01,   -1.149
1857-04-01,   -0.455
1857-05-01,    0.052
1857-06-01,    1.031
1857-07-01,    1.144
1857-08-01,    0.871
1857-09-01,    0.651
1857-10-01,    0.414
1857-11-01,    0.340
1857-12-01,   -0.448
1858-01-01,   -0.769
1858-02-01,   -0.955
1858-03-01,   -1.309
1858-04-01,   -0.718
1858-05-01,    0.619
1858-06-01,    2.357
1858-07-01,    1.422
1858-08-01,    1.401
1858-09-01,    1.515
1858-10-01,    2.296
1858-11-01,    0.644
1858-12-01,   -0.726
1859-01-01,   -0.809
1859-02-01,   -1.221
1859-03-01,   -1.777
1859-04-01,   -2.707
1859-05-01,   -2.284
1859-06-01,   -1.941
1859-07-01,   -1.014
1859-08-01,   -0.945
1859-09-01,   -0.918
1859-10-01,   -1.102
1859-11-01,   -1.042
1859-12-01,   -0.776
1860-01-01,   -0.855
1860-02-01,   -0.795
1860-03-01,   -0.949
1860-04-01,   -0.639
1860-05-01,   -0.576
1860-06-01,   -0.836
1860-07-01,    0.507
1860-08-01,    0.463
1860-09-01,    0.964
1860-10-01,   -0.806
1860-11-01,   -0.801
1860-12-01,   -1.056
1861-01-01,   -0.579
1861-02-01,   -0.727
1861-03-01,   -0.649
1861-04-01,   -0.630
1861-05-01,   -0.165
1861-06-01,   -0.153
1861-07-01,   -0.253
1861-08-01,   -0.302
1861-09-01,   -0.757
1861-10-01,   -1.108
1861-11-01,   -1.318
1861-12-01,   -1.293
1862-01-01,   -0.440
1862-02-01,   -0.122
1862-03-01,    0.186
1862-04-01,    0.114
1862-05-01,    0.092
1862-06-01,   -0.034
1862-07-01,    0.028
1862-08-01,    0.127
1862-09-01,   -0.398
1862-10-01,   -0.377
1862-11-01,   -0.204
1862-12-01,   -0.171
1863-01-01,   -0.176
1863-02-01,   -0.168
1863-03-01,   -0.112
1863-04-01,   -0.027
1863-05-01,    0.200
1863-06-01,    0.144
1863-07-01,    0.444
1863-08-01,    0.204
1863-09-01,    0.433
1863-10-01,    0.261
1863-11-01,    0.189
1863-12-01,    0.043
1864-01-01,   -0.010
1864-02-01,    0.161
1864-03-01,   -0.572
1864-04-01,   -0.473
1864-05-01,   -0.199
1864-06-01,   -0.101
1864-07-01,    0.415
1864-08-01,    0.131
1864-09-01,    0.217
1864-10-01,    0.553
1864-11-01,    0.824
1864-12-01,    0.660
1865-01-01,   -0.000
1865-02-01,   -0.141
1865-03-01,   -0.010
1865-04-01,    0.152
1865-05-01,    0.174
1865-06-01,   -0.281
1865-07-01,   -0.302
1865-08-01,   -0.109
1865-09-01,   -0.155
1865-10-01,   -0.166
1865-11-01,   -0.348
1865-12-01,   -0.576
1866-01-01,   -1.735
1866-02-01,   -1.599
1866-03-01,   -1.550
1866-04-01,   -0.760
1866-05-01,   -0.294
1866-06-01,   -0.411
1866-07-01,   -0.064
1866-08-01,    0.093
1866-09-01,    0.011
1866-10-01,    0.169
1866-11-01,    0.196
1866-12-01,   -0.200
1867-01-01,   -0.033
1867-02-01,   -0.053
1867-03-01,   -0.114
1867-04-01,   -0.121
1867-05-01,    0.062
1867-06-01,    0.064
1867-07-01,    0.326
1867-08-01,    0.197
1867-09-01,    0.111
1867-10-01,   -0.369
1867-11-01,    0.004
1867-12-01,    0.707
1868-01-01,    0.592
1868-02-01,    0.283
1868-03-01,    0.200
1868-04-01,   -0.063
1868-05-01,   -0.004
1868-06-01,    0.100
1868-07-01,    0.373
1868-08-01,    0.419
1868-09-01,    0.558
1868-10-01,    0.230
1868-11-01,   -0.247
1868-12-01,   -0.547
1869-01-01,   -0.491
1869-02-01,   -0.044
1869-03-01,    0.418
1869-04-01,    1.137
1869-05-01,    3.254
1869-06-01,    3.406
1869-07-01,    3.375
1869-08-01,    1.167
1869-09-01,    0.021
1869-10-01,   -0.364
1869-11-01,   -0.454
1869-12-01,   -0.391
1870-01-01,    0.210
1870-02-01,   -0.059
1870-03-01,    0.323
1870-04-01,    0.081
1870-05-01,    0.164
1870-06-01,   -0.232
1870-07-01,    0.158
1870-08-01,    0.371
1870-09-01,   -0.038
1870-10-01,   -0.307
1870-11-01,   -0.522
1870-12-01,   -0.760
1871-01-01,   -0.456
1871-02-01,   -0.027
1871-03-01,    0.157
1871-04-01,   -0.093
1871-05-01,   -0.464
1871-06-01,   -0.105
1871-07-01,   -0.067
1871-08-01,    0.209
1871-09-01,   -0.314
1871-10-01,   -0.574
1871-11-01,   -0.650
1871-12-01,   -0.282
1872-01-01,   -0.319
1872-02-01,   -0.409
1872-03-01,   -0.166
1872-04-01,   -0.324
1872-05-01,    0.059
1872-06-01,   -0.527
1872-07-01,   -0.521
1872-08-01,   -0.444
1872-09-01,   -0.176
1872-10-01,   -0.018
1872-11-01,   -1.537
1872-12-01,   -1.992
1873-01-01,   -2.007
1873-02-01,   -1.732
1873-03-01,   -1.398
1873-04-01,   -0.628
1873-05-01,   -0.301
1873-06-01,   -0.583
1873-07-01,   -0.632
1873-08-01,   -0.633
1873-09-01,   -0.559
1873-10-01,   -0.328
1873-11-01,   -0.643
1873-12-01,   -0.614
1874-01-01,   -0.501
1874-02-01,   -0.687
1874-03-01,   -0.314
1874-04-01,    0.000
1874-05-01,   -0.143
1874-06-01,   -0.238
1874-07-01,    0.108
1874-08-01,    0.549
1874-09-01,    0.380
1874-10-01,    0.186
1874-11-01,    0.240
1874-12-01,   -0.676
1875-01-01,   -0.980
1875-02-01,   -1.252
1875-03-01,   -1.004
1875-04-01,   -0.910
1875-05-01,   -0.556
1875-06-01,   -0.416
1875-07-01,   -0.363
1875-08-01,   -0.053
1875-09-01,   -0.061
1875-10-01,   -0.591
1875-11-01,   -0.465
1875-12-01,    0.056
1876-01-01,   -0.825
1876-02-01,   -0.764
1876-03-01,   -0.871
1876-04-01,   -1.353
1876-05-01,   -1.192
1876-06-01,   -0.654
1876-07-01,   -1.865
1876-08-01,   -1.593
1876-09-01,   -0.813
1876-10-01,    0.067
1876-11-01,    0.337
1876-12-01,   -0.109
1877-01-01,   -0.033
1877-02-01,    0.145
1877-03-01,    0.200
1877-04-01,   -0.050
1877-05-01,   -0.128
1877-06-01,   -0.305
1877-07-01,    0.277
1877-08-01,   -0.162
1877-09-01,    0.103
1877-10-01,    0.204
1877-11-01,    0.469
1877-12-01,    0.591
1878-01-01,    0.661
1878-02-01,    1.173
1878-03-01,    1.277
1878-04-01,    1.661
1878-05-01,    1.745
1878-06-01,    1.189
1878-07-01,    0.810
1878-08-01,    0.105
1878-09-01,   -0.954
1878-10-01,   -0.663
1878-11-01,   -0.005
1878-12-01,    1.325
1879-01-01,    0.140
1879-02-01,    0.249
1879-03-01,    0.341
1879-04-01,    0.684
1879-05-01,   -0.686
1879-06-01,   -0.843
1879-07-01,   -1.034
1879-08-01,    0.026
1879-09-01,    0.111
1879-10-01,    0.048
1879-11-01,   -0.247
1879-12-01,   -0.053
1880-01-01,    0.255
1880-02-01,   -0.323
1880-03-01,   -0.980
1880-04-01,   -1.736
1880-05-01,   -2.246
1880-06-01,   -2.448
1880-07-01,   -1.564
1880-08-01,   -1.228
1880-09-01,   -1.374
1880-10-01,    0.300
1880-11-01,   -0.083
1880-12-01,   -0.016
1881-01-01,   -0.321
1881-02-01,   -0.011
1881-03-01,    0.219
1881-04-01,    0.323
1881-05-01,    0.682
1881-06-01,    0.569
1881-07-01,   -1.122
1881-08-01,   -1.694
1881-09-01,    0.492
1881-10-01,    0.555
1881-11-01,    0.386
1881-12-01,   -0.543
1882-01-01,   -1.514
1882-02-01,   -1.317
1882-03-01,   -1.270
1882-04-01,   -1.103
1882-05-01,   -0.918
1882-06-01,   -1.447
1882-07-01,   -2.514
1882-08-01,   -0.775
1882-09-01,   -0.411
1882-10-01,   -0.748
1882-11-01,   -0.412
1882-12-01,    0.405
1883-01-01,   -0.992
1883-02-01,   -0.865
1883-03-01,   -0.967
1883-04-01,   -0.070
1883-05-01,   -0.261
1883-06-01,   -0.524
1883-07-01,   -1.626
1883-08-01,   -1.378
1883-09-01,   -0.781
1883-10-01,   -0.726
1883-11-01,   -0.656
1883-12-01,   -1.266
1884-01-01,   -1.397
1884-02-01,   -1.586
1884-03-01,   -1.156
1884-04-01,   -0.528
1884-05-01,    0.439
1884-06-01,    0.826
1884-07-01,    1.097
1884-08-01,    0.902
1884-09-01,    0.708
1884-10-01,    1.236
1884-11-01,    1.909
1884-12-01,    2.253
1885-01-01,    2.296
1885-02-01,    1.356
1885-03-01,    1.725
1885-04-01,    1.575
1885-05-01,    1.124
1885-06-01,   -0.000
1885-07-01,   -0.134
1885-08-01,    0.388
1885-09-01,    0.263
1885-10-01,    0.166
1885-11-01,   -0.050
1885-12-01,   -0.224
1886-01-01,   -0.410
1886-02-01,    0.431
1886-03-01,   -0.292
1886-04-01,    0.411
1886-05-01,    0.147
1886-06-01,   -0.817
1886-07-01,   -0.006
1886-08-01,   -0.057
1886-09-01,   -0.068
1886-10-01,   -0.831
1886-11-01,   -1.900
1886-12-01,   -1.451
1887-01-01,   -0.945
1887-02-01,   -1.193
1887-03-01,   -1.544
1887-04-01,   -1.178
1887-05-01,   -0.320
1887-06-01,    0.455
1887-07-01,    1.478
1887-08-01,   -0.486
1887-09-01,   -1.527
1887-10-01,   -0.836
1887-11-01,   -0.588
1887-12-01,   -0.744
1888-01-01,   -0.682
1888-02-01,    0.085
1888-03-01,    0.013
1888-04-01,    0.020
1888-05-01,    1.090
1888-06-01,    1.178
1888-07-01,    1.330
1888-08-01,    1.163
1888-09-01,    1.177
1888-10-01,    0.757
1888-11-01,    0.715
1888-12-01,    0.396
1889-01-01,    0.446
1889-02-01,    0.142
1889-03-01,    0.414
1889-04-01,    1.072
1889-05-01,    1.277
1889-06-01,    1.197
1889-07-01,    0.726
1889-08-01,   -0.422
1889-09-01,   -0.713
1889-10-01,   -0.272
1889-11-01,    1.150
1889-12-01,   -0.006
1890-01-01,   -0.510
1890-02-01,   -0.872
1890-03-01,   -1.194
1890-04-01,   -0.733
1890-05-01,   -0.883
1890-06-01,   -2.646
1890-07-01,   -0.836
1890-08-01,   -0.521
1890-09-01,    1.586
1890-10-01,   -0.131
1890-11-01,   -0.524
1890-12-01,   -1.211
1891-01-01,   -0.436
1891-02-01,   -0.622
1891-03-01,   -0.634
1891-04-01,   -0.211
1891-05-01,    0.839
1891-06-01,    0.989
1891-07-01,    0.979
1891-08-01,    0.536
1891-09-01,    0.345
1891-10-01,    0.946
1891-11-01,    0.295
1891-12-01,   -0.178
1892-01-01,   -0.919
1892-02-01,   -1.015
1892-03-01,   -0.715
1892-04-01,   -1.044
1892-05-01,   -2.423
1892-06-01,   -1.884
1892-07-01,   -1.748
1892-08-01,   -2.387
1892-09-01,   -2.043
1892-10-01,   -2.119
1892-11-01,   -1.944
1892-12-01,   -1.023
1893-01-01,   -0.440
1893-02-01,   -0.491
1893-03-01,   -0.693
1893-04-01,   -1.348
1893-05-01,   -2.070
1893-06-01,   -1.954
1893-07-01,   -1.858
1893-08-01,   -0.497
1893-09-01,   -0.168
1893-10-01,   -0.544
1893-11-01,   -0.703
1893-12-01,   -1.518
1894-01-01,   -1.419
1894-02-01,   -1.953
1894-03-01,   -2.647
1894-04-01,   -2.634
1894-05-01,   -2.941
1894-06-01,   -2.393
1894-07-01,   -2.731
1894-08-01,   -1.737
1894-09-01,   -1.803
1894-10-01,   -2.264
1894-11-01,   -3.001
1894-12-01,   -1.400
1895-01-01,   -0.865
1895-02-01,   -0.515
1895-03-01,   -0.463
1895-04-01,   -0.734
1895-05-01,   -0.223
1895-06-01,   -0.508
1895-07-01,    0.124
1895-08-01,   -0.172
1895-09-01,   -1.067
1895-10-01,   -0.856
1895-11-01,   -1.092
1895-12-01,   -0.349
1896-01-01,    0.245
1896-02-01,    0.139
1896-03-01,   -0.045
1896-04-01,   -0.440
1896-05-01,   -0.850
1896-06-01,   -0.667
1896-07-01,   -0.169
1896-08-01,    0.183
1896-09-01,    1.199
1896-10-01,    0.207
1896-11-01,    0.237
1896-12-01,    0.256
1897-01-01,    0.461
1897-02-01,   -0.138
1897-03-01,   -0.398
1897-04-01,    0.010
1897-05-01,    0.575
1897-06-01,    0.781
1897-07-01,    0.774
1897-08-01,    0.192
1897-09-01,   -0.489
1897-10-01,    0.198
1897-11-01,    0.411
1897-12-01,    0.062
1898-01-01,    0.121
1898-02-01,   -0.072
1898-03-01,   -0.343
1898-04-01,    0.005
1898-05-01,   -0.395
1898-06-01,    0.003
1898-07-01,   -0.484
1898-08-01,    0.351
1898-09-01,    0.323
1898-10-01,    0.125
1898-11-01,    0.586
1898-12-01,    0.197
1899-01-01,    0.049
1899-02-01,   -0.531
1899-03-01,   -0.398
1899-04-01,   -0.283
1899-05-01,   -0.582
1899-06-01,   -0.972
1899-07-01,   -0.100
1899-08-01,    0.571
1899-09-01,    0.596
1899-10-01,   -0.086
1899-11-01,    0.383
1899-12-01,    0.399
1900-01-01,    0.909
1900-02-01,    0.395
1900-03-01,    0.797
1900-04-01,    1.735
1900-05-01,    1.276
1900-06-01,    1.003
1900-07-01,    1.005
1900-08-01,    1.246
1900-09-01,   -0.230
1900-10-01,    0.122
1900-11-01,    0.657
1900-12-01,    0.651
1901-01-01,    1.146
1901-02-01,    0.671
1901-03-01,   -0.317
1901-04-01,   -0.437
1901-05-01,   -1.034
1901-06-01,   -1.072
1901-07-01,   -1.138
1901-08-01,   -0.466
1901-09-01,    0.092
1901-10-01,    0.227
1901-11-01,    0.074
1901-12-01,    0.327
1902-01-01,    1.098
1902-02-01,    0.440
1902-03-01,    0.300
1902-04-01,    0.382
1902-05-01,    1.002
1902-06-01,    1.967
1902-07-01,    2.492
1902-08-01,    1.593
1902-09-01,    0.965
1902-10-01,    1.035
1902-11-01,    0.465
1902-12-01,    0.227
1903-01-01,   -0.038
1903-02-01,    0.116
1903-03-01,   -0.135
1903-04-01,   -0.934
1903-05-01,   -0.403
1903-06-01,   -0.063
1903-07-01,    1.302
1903-08-01,    1.152
1903-09-01,    0.601
1903-10-01,    0.466
1903-11-01,   -0.187
1903-12-01,   -0.017
1904-01-01,    0.915
1904-02-01,    0.262
1904-03-01,    0.550
1904-04-01,    0.108
1904-05-01,    0.339
1904-06-01,   -0.123
1904-07-01,    0.056
1904-08-01,    1.556
1904-09-01,    1.992
1904-10-01,    1.767
1904-11-01,    1.659
1904-12-01,    2.808
1905-01-01,    2.479
1905-02-01,    1.301
1905-03-01,    0.584
1905-04-01,    1.684
1905-05-01,    1.252
1905-06-01,    1.393
1905-07-01,    2.093
1905-08-01,    2.066
1905-09-01,    1.798
1905-10-01,   -0.218
1905-11-01,    0.565
1905-12-01,   -0.990
1906-01-01,    1.175
1906-02-01,    1.218
1906-03-01,    0.566
1906-04-01,    0.512
1906-05-01,    1.274
1906-06-01,    0.719
1906-07-01,    1.331
1906-08-01,    0.919
1906-09-01,    0.188
1906-10-01,    1.005
1906-11-01,    0.629
1906-12-01,   -0.577
1907-01-01,   -0.650
1907-02-01,   -0.477
1907-03-01,   -1.773
1907-04-01,   -1.206
1907-05-01,    0.446
1907-06-01,    0.747
1907-07-01,    0.642
1907-08-01,   -0.044
1907-09-01,    1.103
1907-10-01,    1.905
1907-11-01,    1.597
1907-12-01,    1.588
1908-01-01,    1.259
1908-02-01,    1.196
1908-03-01,    0.281
1908-04-01,   -0.008
1908-05-01,    0.148
1908-06-01,    0.211
1908-07-01,    0.293
1908-08-01,   -0.213
1908-09-01,    0.816
1908-10-01,    1.114
1908-11-01,    1.581
1908-12-01,    0.829
1909-01-01,    0.316
1909-02-01,    0.542
1909-03-01,    0.664
1909-04-01,    0.127
1909-05-01,   -0.309
1909-06-01,   -0.696
1909-07-01,   -1.218
1909-08-01,   -2.060
1909-09-01,   -1.825
1909-10-01,   -1.213
1909-11-01,   -1.438
1909-12-01,   -2.131
1910-01-01,   -1.580
1910-02-01,   -1.159
1910-03-01,   -0.959
1910-04-01,   -1.958
1910-05-01,   -2.125
1910-06-01,   -0.354
1910-07-01,   -0.033
1910-08-01,   -0.494
1910-09-01,    0.754
1910-10-01,   -0.956
1910-11-01,   -0.633
1910-12-01,   -0.095
1911-01-01,   -0.540
1911-02-01,   -1.129
1911-03-01,   -1.259
1911-04-01,   -0.616
1911-05-01,   -0.660
1911-06-01,   -1.346
1911-07-01,   -0.363
1911-08-01,    0.140
1911-09-01,   -0.084
1911-10-01,   -0.107
1911-11-01,   -0.329
1911-12-01,   -0.858
1912-01-01,   -0.300
1912-02-01,    0.088
1912-03-01,   -0.198
1912-04-01,   -0.268
1912-05-01,    0.011
1912-06-01,    0.374
1912-07-01,    0.299
1912-08-01,    0.523
1912-09-01,    1.190
1912-10-01,    0.691
1912-11-01,    0.113
1912-12-01,   -0.265
1913-01-01,   -0.304
1913-02-01,    0.211
1913-03-01,   -0.087
1913-04-01,   -0.506
1913-05-01,    0.201
1913-06-01,    0.128
1913-07-01,    0.743
1913-08-01,    1.206
1913-09-01,    0.877
1913-10-01,    0.617
1913-11-01,    0.505
1913-12-01,    0.040
1914-01-01,   -0.215
1914-02-01,   -0.027
1914-03-01,    0.294
1914-04-01,    0.948
1914-05-01,    0.708
1914-06-01,   -0.570
1914-07-01,   -0.390
1914-08-01,   -0.251
1914-09-01,   -0.355
1914-10-01,   -0.137
1914-11-01,    0.122
1914-12-01,    0.091
1915-01-01,   -0.397
1915-02-01,   -0.286
1915-03-01,    0.578
1915-04-01,    1.450
1915-05-01,    1.661
1915-06-01,    1.605
1915-07-01,    1.602
1915-08-01,    1.030
1915-09-01,    0.585
1915-10-01,   -0.727
1915-11-01,   -1.066
1915-12-01,   -0.641
1916-01-01,   -1.114
1916-02-01,   -1.116
1916-03-01,   -0.941
1916-04-01,   -0.339
1916-05-01,   -0.204
1916-06-01,   -1.155
1916-07-01,   -1.127
1916-08-01,   -1.568
1916-09-01,   -1.476
1916-10-01,   -1.452
1916-11-01,   -2.164
1916-12-01,   -2.274
1917-01-01,   -1.695
1917-02-01,   -1.624
1917-03-01,   -1.794
1917-04-01,   -1.591
1917-05-01,   -1.087
1917-06-01,   -0.897
1917-07-01,   -0.510
1917-08-01,   -0.219
1917-09-01,   -0.697
1917-10-01,   -1.155
1917-11-01,   -0.935
1917-12-01,   -0.584
1918-01-01,    0.153
1918-02-01,   -0.208
1918-03-01,   -0.725
1918-04-01,   -0.606
1918-05-01,   -0.761
1918-06-01,   -0.404
1918-07-01,    0.066
1918-08-01,    0.292
1918-09-01,    0.643
1918-10-01,    1.407
1918-11-01,    1.223
1918-12-01,    0.364
1919-01-01,    0.354
1919-02-01,   -0.009
1919-03-01,   -0.375
1919-04-01,   -0.395
1919-05-01,   -0.834
1919-06-01,   -1.216
1919-07-01,   -1.286
1919-08-01,   -0.448
1919-09-01,    0.115
1919-10-01,   -0.112
1919-11-01,   -0.569
1919-12-01,   -0.448
1920-01-01,   -1.089
1920-02-01,   -0.685
1920-03-01,   -0.571
1920-04-01,   -0.815
1920-05-01,   -0.538
1920-06-01,   -0.726
1920-07-01,   -0.877
1920-08-01,   -1.296
1920-09-01,   -1.388
1920-10-01,   -1.154
1920-11-01,   -0.476
1920-12-01,   -0.638
1921-01-01,   -1.021
1921-02-01,   -1.297
1921-03-01,   -0.687
1921-04-01,   -1.459
1921-05-01,   -1.257
1921-06-01,   -0.986
1921-07-01,   -1.076
1921-08-01,   -1.235
1921-09-01,   -1.098
1921-10-01,   -1.164
1921-11-01,   -0.562
1921-12-01,   -0.097
1922-01-01,   -0.179
1922-02-01,   -1.024
1922-03-01,   -1.270
1922-04-01,   -1.427
1922-05-01,   -1.436
1922-06-01,   -0.853
1922-07-01,   -0.422
1922-08-01,   -0.095
1922-09-01,   -0.150
1922-10-01,   -0.053
1922-11-01,   -0.483
1922-12-01,    0.200
1923-01-01,    0.100
1923-02-01,   -0.658
1923-03-01,   -0.785
1923-04-01,   -0.301
1923-05-01,    0.360
1923-06-01,   -0.800
1923-07-01,    0.592
1923-08-01,    0.336
1923-09-01,    0.063
1923-10-01,    0.389
1923-11-01,   -0.134
1923-12-01,   -0.252
1924-01-01,   -0.742
1924-02-01,   -0.801
1924-03-01,   -0.443
1924-04-01,   -0.835
1924-05-01,   -0.132
1924-06-01,   -0.090
1924-07-01,   -0.409
1924-08-01,   -0.771
1924-09-01,   -1.290
1924-10-01,   -1.755
1924-11-01,   -1.393
1924-12-01,   -0.542
1925-01-01,   -1.169
1925-02-01,   -0.856
1925-03-01,   -0.735
1925-04-01,   -1.012
1925-05-01,   -0.441
1925-06-01,   -0.765
1925-07-01,   -0.330
1925-08-01,   -0.127
1925-09-01,    0.445
1925-10-01,    0.572
1925-11-01,    0.943
1925-12-01,    0.662
1926-01-01,    0.873
1926-02-01,    1.080
1926-03-01,    1.156
1926-04-01,    1.766
1926-05-01,    2.209
1926-06-01,    1.518
1926-07-01,    2.102
1926-08-01,    1.798
1926-09-01,    1.632
1926-10-01,    1.569
1926-11-01,    2.023
1926-12-01,    1.632
1927-01-01,    0.713
1927-02-01,    1.134
1927-03-01,    0.776
1927-04-01,    0.163
1927-05-01,    0.137
1927-06-01,    0.485
1927-07-01,   -0.171
1927-08-01,   -0.252
1927-09-01,    0.266
1927-10-01,   -0.457
1927-11-01,   -0.285
1927-12-01,   -0.240
1928-01-01,    0.282
1928-02-01,    0.556
1928-03-01,    0.815
1928-04-01,    0.526
1928-05-01,    0.654
1928-06-01,    1.037
1928-07-01,   -0.289
1928-08-01,   -0.446
1928-09-01,   -1.223
1928-10-01,   -0.769
1928-11-01,    0.203
1928-12-01,    0.387
1929-01-01,    0.496
1929-02-01,    0.032
1929-03-01,   -0.051
1929-04-01,    0.276
1929-05-01,    0.346
1929-06-01,    0.314
1929-07-01,    0.054
1929-08-01,    0.107
1929-09-01,    0.912
1929-10-01,    0.955
1929-11-01,    0.616
1929-12-01,    1.370
1930-01-01,    0.892
1930-02-01,    0.589
1930-03-01,    0.292
1930-04-01,    0.292
1930-05-01,    0.146
1930-06-01,    0.021
1930-07-01,    0.171
1930-08-01,    0.152
1930-09-01,    0.691
1930-10-01,    0.321
1930-11-01,    0.081
1930-12-01,    0.539
1931-01-01,    0.834
1931-02-01,    0.752
1931-03-01,    0.869
1931-04-01,    1.459
1931-05-01,    2.018
1931-06-01,    1.764
1931-07-01,    2.081
1931-08-01,    1.172
1931-09-01,    1.067
1931-10-01,    0.344
1931-11-01,   -0.123
1931-12-01,   -0.756
1932-01-01,   -1.010
1932-02-01,   -1.253
1932-03-01,   -0.427
1932-04-01,    0.509
1932-05-01,    0.020
1932-06-01,   -0.187
1932-07-01,   -0.126
1932-08-01,   -0.041
1932-09-01,   -0.760
1932-10-01,   -0.055
1932-11-01,   -0.427
1932-12-01,   -0.140
1933-01-01,   -0.842
1933-02-01,   -1.017
1933-03-01,   -1.116
1933-04-01,   -0.883
1933-05-01,   -1.534
1933-06-01,   -2.022
1933-07-01,   -2.517
1933-08-01,   -2.138
1933-09-01,   -2.303
1933-10-01,   -1.486
1933-11-01,   -0.459
1933-12-01,   -0.746
1934-01-01,   -0.600
1934-02-01,   -0.017
1934-03-01,    0.562
1934-04-01,    1.070
1934-05-01,    0.724
1934-06-01,   -0.134
1934-07-01,    0.206
1934-08-01,    1.171
1934-09-01,    1.093
1934-10-01,    1.749
1934-11-01,    1.439
1934-12-01,    1.105
1935-01-01,    0.417
1935-02-01,    0.081
1935-03-01,   -0.252
1935-04-01,    0.243
1935-05-01,    0.810
1935-06-01,    1.150
1935-07-01,    0.516
1935-08-01,    0.516
1935-09-01,    0.614
1935-10-01,    0.730
1935-11-01,    0.486
1935-12-01,    1.305
1936-01-01,    1.747
1936-02-01,    1.416
1936-03-01,    1.001
1936-04-01,    1.159
1936-05-01,    1.541
1936-06-01,    2.028
1936-07-01,    2.480
1936-08-01,    1.988
1936-09-01,    1.202
1936-10-01,    2.043
1936-11-01,    2.589
1936-12-01,    1.343
1937-01-01,    0.156
1937-02-01,   -0.187
1937-03-01,   -0.014
1937-04-01,   -0.403
1937-05-01,   -0.019
1937-06-01,    1.383
1937-07-01,    0.137
1937-08-01,   -0.254
1937-09-01,    0.239
1937-10-01,    0.590
1937-11-01,    0.868
1937-12-01,    0.809
1938-01-01,    1.140
1938-02-01,    0.063
1938-03-01,   -0.397
1938-04-01,   -0.081
1938-05-01,   -0.488
1938-06-01,   -0.439
1938-07-01,   -0.230
1938-08-01,   -0.187
1938-09-01,    0.066
1938-10-01,    0.819
1938-11-01,    0.007
1938-12-01,    0.683
1939-01-01,    0.578
1939-02-01,   -0.250
1939-03-01,   -0.647
1939-04-01,   -0.007
1939-05-01,    0.176
1939-06-01,    0.075
1939-07-01,   -0.683
1939-08-01,   -0.590
1939-09-01,   -0.900
1939-10-01,   -0.998
1939-11-01,   -0.729
1939-12-01,    1.160
1940-01-01,    1.661
1940-02-01,    1.411
1940-03-01,    1.794
1940-04-01,    2.133
1940-05-01,    1.983
1940-06-01,    2.301
1940-07-01,    2.083
1940-08-01,    1.711
1940-09-01,    1.543
1940-10-01,    1.442
1940-11-01,    1.717
1940-12-01,    2.425
1941-01-01,    2.584
1941-02-01,    2.770
1941-03-01,    2.392
1941-04-01,    2.417
1941-05-01,    2.232
1941-06-01,    2.931
1941-07-01,    2.971
1941-08-01,    3.202
1941-09-01,    2.238
1941-10-01,    1.456
1941-11-01,    1.641
1941-12-01,    2.098
1942-01-01,    2.144
1942-02-01,    1.718
1942-03-01,    1.176
1942-04-01,    1.181
1942-05-01,    0.832
1942-06-01,    1.023
1942-07-01,    0.832
1942-08-01,    0.870
1942-09-01,    0.509
1942-10-01,    0.452
1942-11-01,   -0.063
1942-12-01,   -0.877
1943-01-01,   -1.402
1943-02-01,   -0.746
1943-03-01,    0.156
1943-04-01,    1.102
1943-05-01,    0.576
1943-06-01,   -0.169
1943-07-01,   -0.077
1943-08-01,   -1.249
1943-09-01,   -1.046
1943-10-01,   -1.181
1943-11-01,   -0.264
1943-12-01,    1.512
1944-01-01,    1.255
1944-02-01,    0.224
1944-03-01,   -0.240
1944-04-01,   -0.442
1944-05-01,   -1.175
1944-06-01,   -1.658
1944-07-01,   -1.116
1944-08-01,   -0.457
1944-09-01,   -1.116
1944-10-01,   -0.880
1944-11-01,   -0.382
1944-12-01,   -0.349
1945-01-01,    0.050
1945-02-01,   -0.025
1945-03-01,    0.247
1945-04-01,   -0.026
1945-05-01,   -0.060
1945-06-01,    0.402
1945-07-01,    0.762
1945-08-01,    0.207
1945-09-01,    0.214
1945-10-01,    0.150
1945-11-01,   -0.841
1945-12-01,   -1.488
1946-01-01,   -0.930
1946-02-01,    0.506
1946-03-01,    0.704
1946-04-01,    0.720
1946-05-01,   -0.132
1946-06-01,   -0.386
1946-07-01,    0.347
1946-08-01,    0.158
1946-09-01,    0.249
1946-10-01,   -0.603
1946-11-01,   -1.237
1946-12-01,   -1.428
1947-01-01,    0.023
1947-02-01,    0.461
1947-03-01,    0.705
1947-04-01,    0.464
1947-05-01,   -0.005
1947-06-01,    0.951
1947-07-01,    0.736
1947-08-01,    0.800
1947-09-01,    0.575
1947-10-01,    1.415
1947-11-01,    0.673
1947-12-01,    0.159
1948-01-01,    0.117
1948-02-01,   -0.230
1948-03-01,   -0.884
1948-04-01,   -0.733
1948-05-01,   -1.298
1948-06-01,   -0.029
1948-07-01,    0.012
1948-08-01,   -0.516
1948-09-01,   -0.768
1948-10-01,   -1.391
1948-11-01,   -0.744
1948-12-01,   -1.795
1949-01-01,   -2.345
1949-02-01,   -2.615
1949-03-01,   -1.447
1949-04-01,   -1.208
1949-05-01,   -0.918
1949-06-01,   -0.753
1949-07-01,   -0.898
1949-08-01,   -0.987
1949-09-01,   -0.948
1949-10-01,   -1.574
1949-11-01,   -0.767
1949-12-01,   -0.699
1950-01-01,   -1.317
1950-02-01,   -1.654
1950-03-01,   -1.346
1950-04-01,   -1.402
1950-05-01,   -2.424
1950-06-01,   -1.798
1950-07-01,   -2.620
1950-08-01,   -1.740
1950-09-01,   -1.401
1950-10-01,   -1.328
1950-11-01,   -1.106
1950-12-01,   -0.766
1951-01-01,   -0.803
1951-02-01,   -1.140
1951-03-01,   -1.290
1951-04-01,   -0.883
1951-05-01,   -0.648
1951-06-01,   -1.142
1951-07-01,    0.143
1951-08-01,   -1.048
1951-09-01,   -0.129
1951-10-01,    0.074
1951-11-01,   -0.145
1951-12-01,   -1.321
1952-01-01,   -2.005
1952-02-01,   -1.153
1952-03-01,   -1.490
1952-04-01,   -1.498
1952-05-01,   -1.393
1952-06-01,   -1.647
1952-07-01,   -1.458
1952-08-01,   -0.814
1952-09-01,   -0.666
1952-10-01,   -0.322
1952-11-01,   -0.163
1952-12-01,   -0.564
1953-01-01,   -0.091
1953-02-01,   -0.252
1953-03-01,   -0.966
1953-04-01,   -0.628
1953-05-01,   -0.177
1953-06-01,   -0.179
1953-07-01,    0.354
1953-08-01,   -0.410
1953-09-01,   -0.581
1953-10-01,   -0.845
1953-11-01,   -0.231
1953-12-01,   -0.023
1954-01-01,   -0.774
1954-02-01,   -0.605
1954-03-01,   -0.732
1954-04-01,   -0.702
1954-05-01,   -0.211
1954-06-01,    0.592
1954-07-01,    0.095
1954-08-01,    0.148
1954-09-01,   -0.499
1954-10-01,    0.400
1954-11-01,    1.003
1954-12-01,    0.461
1955-01-01,   -0.067
1955-02-01,   -0.649
1955-03-01,   -0.909
1955-04-01,   -1.645
1955-05-01,   -1.435
1955-06-01,   -1.903
1955-07-01,   -2.218
1955-08-01,   -1.946
1955-09-01,   -1.829
1955-10-01,   -2.564
1955-11-01,   -1.957
1955-12-01,   -1.640
1956-01-01,   -1.610
1956-02-01,   -1.643
1956-03-01,   -2.328
1956-04-01,   -2.007
1956-05-01,   -1.241
1956-06-01,   -1.865
1956-07-01,   -1.227
1956-08-01,   -0.532
1956-09-01,   -0.039
1956-10-01,   -1.230
1956-11-01,   -1.884
1956-12-01,   -1.005
1957-01-01,   -1.018
1957-02-01,   -1.220
1957-03-01,   -0.550
1957-04-01,   -0.417
1957-05-01,    0.226
1957-06-01,    1.313
1957-07-01,    0.498
1957-08-01,    0.273
1957-09-01,    1.691
1957-10-01,    1.591
1957-11-01,    1.493
1957-12-01,    0.405
1958-01-01,    0.706
1958-02-01,    0.872
1958-03-01,    0.683
1958-04-01,    0.675
1958-05-01,    1.393
1958-06-01,    1.548
1958-07-01,    0.785
1958-08-01,    1.169
1958-09-01,    0.922
1958-10-01,    0.398
1958-11-01,    0.407
1958-12-01,    1.074
1959-01-01,    1.075
1959-02-01,    0.541
1959-03-01,    0.058
1959-04-01,    0.119
1959-05-01,    0.208
1959-06-01,    0.254
1959-07-01,   -0.118
1959-08-01,    0.002
1959-09-01,   -0.182
1959-10-01,    1.083
1959-11-01,    1.380
1959-12-01,    0.945
1960-01-01,    0.359
1960-02-01,    0.705
1960-03-01,    0.446
1960-04-01,    0.507
1960-05-01,    0.642
1960-06-01,    1.051
1960-07-01,   -0.090
1960-08-01,    0.120
1960-09-01,   -0.498
1960-10-01,    0.064
1960-11-01,    0.042
1960-12-01,    0.103
1961-01-01,    0.879
1961-02-01,    0.886
1961-03-01,    0.684
1961-04-01,    0.486
1961-05-01,   -0.216
1961-06-01,   -0.455
1961-07-01,   -0.671
1961-08-01,   -0.426
1961-09-01,   -0.730
1961-10-01,   -1.262
1961-11-01,   -0.901
1961-12-01,   -1.448
1962-01-01,   -0.850
1962-02-01,   -0.632
1962-03-01,   -0.708
1962-04-01,   -0.585
1962-05-01,   -0.907
1962-06-01,   -1.504
1962-07-01,   -1.443
1962-08-01,   -0.513
1962-09-01,   -1.130
1962-10-01,   -1.329
1962-11-01,   -0.241
1962-12-01,   -0.210
1963-01-01,    0.132
1963-02-01,    0.321
1963-03-01,   -0.056
1963-04-01,   -0.009
1963-05-01,   -0.881
1963-06-01,   -0.620
1963-07-01,   -0.957
1963-08-01,   -0.704
1963-09-01,    1.059
1963-10-01,    0.248
1963-11-01,   -0.377
1963-12-01,    0.318
1964-01-01,    0.301
1964-02-01,    0.135
1964-03-01,   -0.506
1964-04-01,   -0.821
1964-05-01,   -1.710
1964-06-01,   -0.485
1964-07-01,   -0.700
1964-08-01,   -1.119
1964-09-01,   -0.858
1964-10-01,   -0.372
1964-11-01,   -0.424
1964-12-01,   -0.427
1965-01-01,   -0.741
1965-02-01,   -0.341
1965-03-01,    0.052
1965-04-01,    0.143
1965-05-01,   -0.277
1965-06-01,   -0.513
1965-07-01,   -0.485
1965-08-01,    0.526
1965-09-01,    1.053
1965-10-01,    0.647
1965-11-01,    0.559
1965-12-01,    0.218
1966-01-01,   -0.528
1966-02-01,   -0.228
1966-03-01,   -0.633
1966-04-01,   -0.085
1966-05-01,   -0.332
1966-06-01,    0.154
1966-07-01,    0.118
1966-08-01,    0.101
1966-09-01,    0.051
1966-10-01,   -0.184
1966-11-01,   -0.320
1966-12-01,   -0.057
1967-01-01,   -0.153
1967-02-01,   -0.118
1967-03-01,   -0.508
1967-04-01,   -0.754
1967-05-01,   -1.107
1967-06-01,   -0.872
1967-07-01,   -0.635
1967-08-01,   -0.861
1967-09-01,   -0.231
1967-10-01,    0.041
1967-11-01,    0.247
1967-12-01,   -0.652
1968-01-01,   -0.549
1968-02-01,   -0.103
1968-03-01,    0.196
1968-04-01,   -0.322
1968-05-01,   -0.299
1968-06-01,    0.311
1968-07-01,    0.716
1968-08-01,    0.276
1968-09-01,    0.464
1968-10-01,    0.200
1968-11-01,    0.278
1968-12-01,    0.117
1969-01-01,   -0.318
1969-02-01,   -0.792
1969-03-01,   -0.791
1969-04-01,   -0.733
1969-05-01,   -0.585
1969-06-01,    1.078
1969-07-01,    0.054
1969-08-01,   -0.347
1969-09-01,   -0.548
1969-10-01,    1.124
1969-11-01,    0.755
1969-12-01,    1.102
1970-01-01,    1.111
1970-02-01,    1.114
1970-03-01,    1.214
1970-04-01,    0.428
1970-05-01,   -0.547
1970-06-01,    0.068
1970-07-01,   -0.521
1970-08-01,   -1.213
1970-09-01,   -1.072
1970-10-01,   -0.730
1970-11-01,   -0.543
1970-12-01,   -0.718
1971-01-01,   -0.989
1971-02-01,   -1.001
1971-03-01,   -1.029
1971-04-01,   -1.208
1971-05-01,   -1.259
1971-06-01,   -1.484
1971-07-01,   -1.896
1971-08-01,   -0.189
1971-09-01,    0.050
1971-10-01,   -0.154
1971-11-01,   -0.985
1971-12-01,   -1.519
1972-01-01,   -1.674
1972-02-01,   -1.530
1972-03-01,   -1.114
1972-04-01,   -1.235
1972-05-01,   -1.603
1972-06-01,   -1.409
1972-07-01,   -0.972
1972-08-01,    0.258
1972-09-01,    0.243
1972-10-01,    0.125
1972-11-01,    0.133
1972-12-01,   -0.287
1973-01-01,   -0.067
1973-02-01,   -0.267
1973-03-01,   -0.521
1973-04-01,   -0.821
1973-05-01,   -1.017
1973-06-01,   -0.988
1973-07-01,   -0.708
1973-08-01,   -0.738
1973-09-01,   -0.370
1973-10-01,   -0.686
1973-11-01,   -0.929
1973-12-01,   -0.690
1974-01-01,   -0.537
1974-02-01,   -0.980
1974-03-01,   -0.834
1974-04-01,   -0.374
1974-05-01,   -0.432
1974-06-01,   -0.326
1974-07-01,    0.188
1974-08-01,    0.205
1974-09-01,    0.886
1974-10-01,    0.433
1974-11-01,    0.642
1974-12-01,    0.239
1975-01-01,   -0.411
1975-02-01,   -0.576
1975-03-01,   -0.706
1975-04-01,   -1.300
1975-05-01,   -1.568
1975-06-01,   -1.184
1975-07-01,   -0.559
1975-08-01,   -0.816
1975-09-01,   -0.779
1975-10-01,   -0.987
1975-11-01,   -1.242
1975-12-01,   -1.188
1976-01-01,   -0.841
1976-02-01,   -0.794
1976-03-01,   -0.942
1976-04-01,   -1.027
1976-05-01,   -0.795
1976-06-01,   -1.028
1976-07-01,    0.368
1976-08-01,    1.023
1976-09-01,    0.732
1976-10-01,    1.235
1976-11-01,    1.215
1976-12-01,    0.970
1977-01-01,    1.051
1977-02-01,    1.349
1977-03-01,    0.689
1977-04-01,    0.075
1977-05-01,   -0.105
1977-06-01,    0.292
1977-07-01,    0.382
1977-08-01,    0.510
1977-09-01,   -0.095
1977-10-01,   -0.337
1977-11-01,    0.014
1977-12-01,    0.149
1978-01-01,    0.710
1978-02-01,    0.925
1978-03-01,    1.307
1978-04-01,    1.165
1978-05-01,    1.027
1978-06-01,    0.575
1978-07-01,   -0.800
1978-08-01,   -0.305
1978-09-01,   -0.348
1978-10-01,    0.331
1978-11-01,    0.256
1978-12-01,   -0.284
1979-01-01,    0.002
1979-02-01,   -0.765
1979-03-01,   -0.224
1979-04-01,    0.195
1979-05-01,    0.840
1979-06-01,    0.475
1979-07-01,    0.627
1979-08-01,    0.469
1979-09-01,    1.127
1979-10-01,    1.302
1979-11-01,    0.805
1979-12-01,    0.378
1980-01-01,    0.360
1980-02-01,    0.863
1980-03-01,    0.797
1980-04-01,    1.023
1980-05-01,    1.036
1980-06-01,   -0.390
1980-07-01,    0.100
1980-08-01,    0.184
1980-09-01,    0.161
1980-10-01,    1.265
1980-11-01,    0.874
1980-12-01,    0.476
1981-01-01,    1.167
1981-02-01,    1.320
1981-03-01,    1.350
1981-04-01,    1.228
1981-05-01,    1.379
1981-06-01,    1.708
1981-07-01,    1.001
1981-08-01,    0.540
1981-09-01,    0.784
1981-10-01,    0.171
1981-11-01,    0.618
1981-12-01,    0.610
1982-01-01,    0.204
1982-02-01,    0.077
1982-03-01,    0.045
1982-04-01,   -0.271
1982-05-01,   -0.662
1982-06-01,   -0.501
1982-07-01,    0.576
1982-08-01,    0.397
1982-09-01,    0.883
1982-10-01,    0.441
1982-11-01,   -0.231
1982-12-01,    0.161
1983-01-01,    0.329
1983-02-01,    0.944
1983-03-01,    1.735
1983-04-01,    1.445
1983-05-01,    1.181
1983-06-01,    1.756
1983-07-01,    2.273
1983-08-01,    1.302
1983-09-01,    0.669
1983-10-01,    0.702
1983-11-01,    1.032
1983-12-01,    1.389
1984-01-01,    1.178
1984-02-01,    1.046
1984-03-01,    1.381
1984-04-01,    1.001
1984-05-01,    0.942
1984-06-01,    0.074
1984-07-01,    0.098
1984-08-01,    0.505
1984-09-01,    0.479
1984-10-01,    0.700
1984-11-01,    0.636
1984-12-01,    0.476
1985-01-01,    0.831
1985-02-01,    0.587
1985-03-01,   -0.038
1985-04-01,   -0.182
1985-05-01,   -0.271
1985-06-01,    0.338
1985-07-01,    0.840
1985-08-01,    0.687
1985-09-01,    0.565
1985-10-01,    0.441
1985-11-01,   -0.402
1985-12-01,    0.401
1986-01-01,    1.053
1986-02-01,    1.570
1986-03-01,    1.769
1986-04-01,    1.261
1986-05-01,    0.990
1986-06-01,    0.835
1986-07-01,    1.304
1986-08-01,    0.475
1986-09-01,    0.617
1986-10-01,    1.266
1986-11-01,    1.763
1986-12-01,    1.519
1987-01-01,    1.423
1987-02-01,    1.590
1987-03-01,    1.501
1987-04-01,    1.572
1987-05-01,    1.267
1987-06-01,    0.548
1987-07-01,    1.694
1987-08-01,    1.917
1987-09-01,    1.769
1987-10-01,    1.100
1987-11-01,    1.092
1987-12-01,    0.861
1988-01-01,    0.399
1988-02-01,    0.643
1988-03-01,    0.633
1988-04-01,    0.475
1988-05-01,    0.490
1988-06-01,    0.307
1988-07-01,    0.172
1988-08-01,   -0.362
1988-09-01,   -0.334
1988-10-01,   -0.050
1988-11-01,    0.056
1988-12-01,   -0.136
1989-01-01,   -0.989
1989-02-01,   -1.094
1989-03-01,   -0.870
1989-04-01,   -0.122
1989-05-01,    0.011
1989-06-01,    0.071
1989-07-01,    0.571
1989-08-01,   -0.079
1989-09-01,   -0.202
1989-10-01,   -0.231
1989-11-01,   -0.552
1989-12-01,   -0.000
1990-01-01,   -0.254
1990-02-01,   -0.837
1990-03-01,   -0.707
1990-04-01,    0.105
1990-05-01,   -0.047
1990-06-01,   -0.136
1990-07-01,   -0.047
1990-08-01,    0.004
1990-09-01,    0.058
1990-10-01,   -0.701
1990-11-01,   -1.439
1990-12-01,   -1.722
1991-01-01,   -1.302
1991-02-01,   -0.650
1991-03-01,   -0.610
1991-04-01,   -1.198
1991-05-01,   -1.176
1991-06-01,   -1.826
1991-07-01,   -1.171
1991-08-01,   -0.317
1991-09-01,    0.613
1991-10-01,    0.545
1991-11-01,    0.598
1991-12-01,   -0.042
1992-01-01,    0.244
1992-02-01,    0.270
1992-03-01,    0.207
1992-04-01,    0.615
1992-05-01,    1.349
1992-06-01,    1.239
1992-07-01,    1.579
1992-08-01,    1.113
1992-09-01,    0.872
1992-10-01,    1.377
1992-11-01,    1.350
1992-12-01,    0.474
1993-01-01,    0.010
1993-02-01,    0.312
1993-03-01,    0.545
1993-04-01,    1.123
1993-05-01,    1.776
1993-06-01,    1.928
1993-07-01,    1.464
1993-08-01,    1.962
1993-09-01,    1.437
1993-10-01,    1.478
1993-11-01,    1.229
1993-12-01,    0.752
1994-01-01,    0.945
1994-02-01,    0.556
1994-03-01,    0.481
1994-04-01,    0.717
1994-05-01,    0.684
1994-06-01,    0.152
1994-07-01,   -0.472
1994-08-01,   -0.426
1994-09-01,   -0.886
1994-10-01,   -0.591
1994-11-01,   -1.428
1994-12-01,   -1.852
1995-01-01,   -0.578
1995-02-01,    0.239
1995-03-01,    0.710
1995-04-01,    0.712
1995-05-01,    1.153
1995-06-01,    1.150
1995-07-01,    1.262
1995-08-01,    0.277
1995-09-01,    1.342
1995-10-01,    0.692
1995-11-01,    0.182
1995-12-01,    0.425
1996-01-01,    0.947
1996-02-01,    1.068
1996-03-01,    1.013
1996-04-01,    1.285
1996-05-01,    1.898
1996-06-01,    1.026
1996-07-01,    0.577
1996-08-01,   -0.212
1996-09-01,    0.511
1996-10-01,    0.717
1996-11-01,    0.688
1996-12-01,    0.220
1997-01-01,    0.815
1997-02-01,    0.592
1997-03-01,    0.732
1997-04-01,    0.961
1997-05-01,    1.657
1997-06-01,    2.382
1997-07-01,    1.442
1997-08-01,    2.123
1997-09-01,    1.639
1997-10-01,    1.587
1997-11-01,    1.281
1997-12-01,    0.867
1998-01-01,    0.991
1998-02-01,    1.482
1998-03-01,    1.407
1998-04-01,    0.310
1998-05-01,   -0.355
1998-06-01,   -0.519
1998-07-01,   -0.681
1998-08-01,   -0.171
1998-09-01,   -0.867
1998-10-01,   -1.576
1998-11-01,   -0.612
1998-12-01,   -0.874
1999-01-01,   -0.543
1999-02-01,   -0.756
1999-03-01,   -0.867
1999-04-01,   -1.452
1999-05-01,   -1.864
1999-06-01,   -1.910
1999-07-01,   -1.321
1999-08-01,   -1.189
1999-09-01,   -1.379
1999-10-01,   -1.849
1999-11-01,   -1.754
1999-12-01,   -1.640
2000-01-01,   -1.784
2000-02-01,   -0.969
2000-03-01,   -0.475
2000-04-01,   -0.392
2000-05-01,   -0.568
2000-06-01,   -0.521
2000-07-01,   -0.903
2000-08-01,   -1.102
2000-09-01,   -0.811
2000-10-01,   -1.082
2000-11-01,   -0.804
2000-12-01,    0.024
2001-01-01,    0.519
2001-02-01,    0.145
2001-03-01,   -0.035
2001-04-01,   -0.837
2001-05-01,   -0.755
2001-06-01,   -1.020
2001-07-01,   -1.730
2001-08-01,   -1.090
2001-09-01,   -1.217
2001-10-01,   -1.201
2001-11-01,   -0.793
2001-12-01,   -0.889
2002-01-01,   -0.154
2002-02-01,   -0.961
2002-03-01,   -0.779
2002-04-01,   -0.701
2002-05-01,   -0.996
2002-06-01,   -0.868
2002-07-01,   -0.422
2002-08-01,    0.285
2002-09-01,    0.123
2002-10-01,    0.300
2002-11-01,    1.081
2002-12-01,    1.473
2003-01-01,    1.442
2003-02-01,    1.262
2003-03-01,    1.282
2003-04-01,    0.529
2003-05-01,    0.324
2003-06-01,   -0.182
2003-07-01,    0.493
2003-08-01,    0.745
2003-09-01,    0.049
2003-10-01,    0.757
2003-11-01,   -0.020
2003-12-01,   -0.361
2004-01-01,   -0.226
2004-02-01,    0.032
2004-03-01,    0.128
2004-04-01,    0.095
2004-05-01,    0.496
2004-06-01,   -0.288
2004-07-01,    0.032
2004-08-01,    0.292
2004-09-01,    0.108
2004-10-01,   -0.520
2004-11-01,   -0.946
2004-12-01,   -0.531
2005-01-01,   -0.068
2005-02-01,    0.169
2005-03-01,    0.795
2005-04-01,    0.402
2005-05-01,    1.147
2005-06-01,    0.528
2005-07-01,    0.014
2005-08-01,   -0.198
2005-09-01,   -0.712
2005-10-01,   -1.566
2005-11-01,   -1.544
2005-12-01,   -0.059
2006-01-01,    0.554
2006-02-01,    0.507
2006-03-01,   -0.351
2006-04-01,   -0.358
2006-05-01,   -0.284
2006-06-01,    0.091
2006-07-01,    0.377
2006-08-01,   -0.466
2006-09-01,   -0.997
2006-10-01,   -0.169
2006-11-01,   -0.442
2006-12-01,   -0.296
2007-01-01,   -0.468
2007-02-01,   -0.382
2007-03-01,   -0.734
2007-04-01,   -0.240
2007-05-01,   -0.116
2007-06-01,    0.086
2007-07-01,    0.547
2007-08-01,    0.185
2007-09-01,   -0.582
2007-10-01,   -1.871
2007-11-01,   -1.230
2007-12-01,   -0.759
2008-01-01,   -1.230
2008-02-01,   -1.188
2008-03-01,   -0.955
2008-04-01,   -1.498
2008-05-01,   -1.348
2008-06-01,   -1.625
2008-07-01,   -1.373
2008-08-01,   -1.218
2008-09-01,   -1.347
2008-10-01,   -1.538
2008-11-01,   -1.384
2008-12-01,   -1.266
2009-01-01,   -1.619
2009-02-01,   -1.464
2009-03-01,   -1.742
2009-04-01,   -1.872
2009-05-01,   -1.008
2009-06-01,   -0.665
2009-07-01,   -0.523
2009-08-01,   -0.250
2009-09-01,    0.454
2009-10-01,    0.078
2009-11-01,   -0.759
2009-12-01,   -0.429
2010-01-01,    0.134
2010-02-01,    0.361
2010-03-01,    0.036
2010-04-01,    0.043
2010-05-01,   -0.132
2010-06-01,   -0.699
2010-07-01,   -1.579
2010-08-01,   -1.499
2010-09-01,   -1.639
2010-10-01,   -1.083
2010-11-01,   -1.183
2010-12-01,   -1.677
2011-01-01,   -1.469
2011-02-01,   -1.069
2011-03-01,   -0.931
2011-04-01,   -0.823
2011-05-01,   -0.898
2011-06-01,   -1.445
2011-07-01,   -2.137
2011-08-01,   -1.997
2011-09-01,   -1.867
2011-10-01,   -1.553
2011-11-01,   -2.480
2011-12-01,   -2.184
2012-01-01,   -1.669
2012-02-01,   -1.148
2012-03-01,   -1.348
2012-04-01,   -0.761
2012-05-01,   -1.626
2012-06-01,   -1.426
2012-07-01,   -1.953
2012-08-01,   -1.936
2012-09-01,   -2.309
2012-10-01,   -0.918
2012-11-01,   -0.577
2012-12-01,   -1.301
2013-01-01,   -1.000
2013-02-01,   -1.109
2013-03-01,   -1.109
2013-04-01,   -0.556
2013-05-01,   -0.294
2013-06-01,   -1.069
2013-07-01,   -1.139
2013-08-01,   -1.088
2013-09-01,   -0.658
2013-10-01,   -1.267
2013-11-01,   -0.895
2013-12-01,   -0.928
2014-01-01,   -0.496
2014-02-01,   -0.227
2014-03-01,    0.464
2014-04-01,    0.526
2014-05-01,    1.153
2014-06-01,   -0.324
2014-07-01,    0.400
2014-08-01,    0.361
2014-09-01,    0.621
2014-10-01,    1.202
2014-11-01,    1.132
2014-12-01,    1.567
2015-01-01,    1.336
2015-02-01,    1.426
2015-03-01,    1.260
2015-04-01,    0.830
2015-05-01,    0.389
2015-06-01,    0.657
2015-07-01,    1.144
2015-08-01,    0.889
2015-09-01,    0.936
2015-10-01,    0.720
2015-11-01,    0.067
2015-12-01,    0.010
2016-01-01,    0.521
2016-02-01,    1.113
2016-03-01,    1.447
2016-04-01,    1.619
2016-05-01,    1.498
2016-06-01,    0.676
2016-07-01,    0.478
2016-08-01,   -0.124
2016-09-01,   -0.327
2016-10-01,   -0.296
2016-11-01,    0.660
2016-12-01,    0.315
2017-01-01,   -0.091
2017-02-01,    0.108
2017-03-01,    0.196
2017-04-01,    0.492
2017-05-01,    0.397
2017-06-01,    0.122
2017-07-01,   -0.445
2017-08-01,   -0.334
2017-09-01,    0.038
2017-10-01,   -0.460
2017-11-01,   -0.547
2017-12-01,   -0.230
2018-01-01,    0.174
2018-02-01,   -0.194
2018-03-01,   -0.549
2018-04-01,   -0.511
2018-05-01,   -0.301
2018-06-01,   -0.713
2018-07-01,   -0.070
2018-08-01,   -0.123
2018-09-01,   -0.138
2018-10-01,   -0.432
2018-11-01,   -0.530
2018-12-01,   -0.231
2019-01-01,   -0.307
2019-02-01,   -0.510
2019-03-01,   -0.218
2019-04-01,    0.201
2019-05-01,    0.436
2019-06-01,    0.023
2019-07-01,    0.531
2019-08-01,    0.238
2019-09-01,    0.168
2019-10-01,   -0.705
2019-11-01,   -0.354
2019-12-01,    0.009
2020-01-01,   -1.211
2020-02-01,   -1.140
2020-03-01,   -1.427
2020-04-01,   -1.085
2020-05-01,   -0.457
2020-06-01,   -0.813
2020-07-01,   -0.938
2020-08-01,   -1.240
2020-09-01,   -1.053
2020-10-01,   -0.687
2020-11-01,   -1.498
2020-12-01,   -0.956
2021-01-01,   -0.562
2021-02-01,   -0.871
2021-03-01,   -1.332
2021-04-01,   -1.439
2021-05-01,   -1.616
2021-06-01,   -1.655
2021-07-01,   -1.573
2021-08-01,   -0.777
2021-09-01,   -1.626
2021-10-01,   -2.683
2021-11-01,   -2.469
2021-12-01,   -2.419
2022-01-01,   -2.052
2022-02-01,   -1.584
2022-03-01,   -1.361
2022-04-01,   -1.805
2022-05-01,   -2.033
2022-06-01,   -1.406
2022-07-01,   -2.263
2022-08-01,   -1.947
2022-09-01,   -1.724
2022-10-01,   -1.364
2022-11-01,   -1.987
2022-12-01,   -1.837
2023-01-01,   -0.948
2023-02-01,   -1.274
2023-03-01,   -1.892
2023-04-01,   -2.472
2023-05-01,   -1.949
2023-06-01,   -2.150
2023-07-01,   -2.132
2023-08-01,   -1.965
2023-09-01,   -2.389
2023-10-01,   -2.019
2023-11-01,   -1.621
2023-12-01,   -1.680
2024-01-01,   -1.401
2024-02-01,   -1.073
2024-03-01,   -1.261
2024-04-01,   -1.691
2024-05-01,   -2.607
2024-06-01,   -2.744
2024-07-01,   -2.303
2024-08-01,   -2.079
2024-09-01,   -2.651
2024-10-01,   -3.043
2024-11-01,   -2.629
2024-12-01,   -1.791
2025-01-01,   -1.080
2025-02-01,   -1.121
2025-03-01,   -0.884
2025-04-01,-9999.000
2025-05-01,-9999.000
2025-06-01,-9999.000
2025-07-01,-9999.000
2025-08-01,-9999.000
2025-09-01,-9999.000
2025-10-01,-9999.000
2025-11-01,-9999.000
2025-12-01,-9999.000
